"","Label","Count","min","mean","median","max"
"1","fitted","N_i",7.2986726871547e-12,25799930096954630144,883.303464886017,6.83406471777248e+24
"2","fitted","N_j",3.76477362324003e-11,4.22418768008762e+25,2415.65943930342,9.65961386698977e+30
"3","fitted","Y_i",0,25799930096955682816,882,6.83406471777507e+24
"4","fitted","Y_j",0,4.22418768008758e+25,2417,9.65961386698978e+30
"5","original","N_i",5.00465861355951,22.5525756755284,21.1975454080374,79.4880266510756
"6","original","N_j",6.7983930223256,23.2666960557915,22.1093323560142,68.8524661458633
"7","original","Y_i",3,22.4972,21,86
"8","original","Y_j",4,23.1654,22,80
