"","Model","Percent_at_0","Percent_over_100000"
"1","inla",0.891515151515151,0.905151515151515
"2","nimble",0.9824,0.9897
"3","original",0.77,1
